seed_triplet,member,run_id,reddit_validation_macro_f1,softmax_weight,temperature
1,T,bert__twitter_full__seed1,0.26702858009366076,0.29468087995683506,1.0
1,R,bert__platform_R__seed1,0.4466472870813068,0.35266257265059636,1.0
1,C,bert__platform_C__seed1,0.44663020188438907,0.3526565473925686,1.0
2,T,bert__platform_T__seed2,0.23312215420709556,0.30063341244932074,1.0
2,R,bert__platform_R__seed2,0.3742712828302182,0.34620834682645496,1.0
2,C,bert__platform_C__seed2,0.39414676103401103,0.3531582407242243,1.0
3,T,bert__platform_T__seed3,0.3003946738686323,0.306708898907443,1.0
3,R,bert__platform_R__seed3,0.4185595308379286,0.3451792829196553,1.0
3,C,bert__platform_C__seed3,0.42701933289886873,0.3481118181729017,1.0
