run_id,evaluation,class,precision,recall,f1,support
bert__twitter_full__seed1,reddit_test,anger,0.7542372881355932,0.10974106041923551,0.1916038751345533,811
bert__twitter_full__seed1,reddit_test,disgust,0.0,0.0,0.0,63
bert__twitter_full__seed1,reddit_test,fear,0.10683760683760683,0.6024096385542169,0.18148820326678766,83
bert__twitter_full__seed1,reddit_test,joy,0.772914946325351,0.918848167539267,0.8395873822693976,3056
bert__twitter_full__seed1,reddit_test,sadness,0.27825159914712155,0.6,0.3801893663510561,435
bert__twitter_full__seed1,reddit_test,surprise,0.0,0.0,0.0,709
bert__twitter_full__seed1,twitter_test,anger,0.6666666666666666,0.41025641025641024,0.5079365079365079,39
bert__twitter_full__seed1,twitter_test,disgust,0.0,0.0,0.0,19
bert__twitter_full__seed1,twitter_test,fear,0.7213114754098361,0.7096774193548387,0.7154471544715447,62
bert__twitter_full__seed1,twitter_test,joy,0.9281828073993471,0.973744292237443,0.9504178272980501,876
bert__twitter_full__seed1,twitter_test,sadness,0.6410256410256411,0.6024096385542169,0.6211180124223602,83
bert__twitter_full__seed1,twitter_test,surprise,0.0,0.0,0.0,3
roberta__twitter_full__seed1,reddit_test,anger,0.49817739975698666,0.5055487053020962,0.5018359853121175,811
roberta__twitter_full__seed1,reddit_test,disgust,0.0,0.0,0.0,63
roberta__twitter_full__seed1,reddit_test,fear,0.1901639344262295,0.6987951807228916,0.29896907216494845,83
roberta__twitter_full__seed1,reddit_test,joy,0.8144085383931219,0.8988874345549738,0.8545652512054752,3056
roberta__twitter_full__seed1,reddit_test,sadness,0.3948170731707317,0.5954022988505747,0.4747937671860678,435
roberta__twitter_full__seed1,reddit_test,surprise,0.0,0.0,0.0,709
roberta__twitter_full__seed1,twitter_test,anger,0.5128205128205128,0.5128205128205128,0.5128205128205128,39
roberta__twitter_full__seed1,twitter_test,disgust,0.0,0.0,0.0,19
roberta__twitter_full__seed1,twitter_test,fear,0.7962962962962963,0.6935483870967742,0.7413793103448276,62
roberta__twitter_full__seed1,twitter_test,joy,0.9391592920353983,0.9691780821917808,0.9539325842696629,876
roberta__twitter_full__seed1,twitter_test,sadness,0.7058823529411765,0.7228915662650602,0.7142857142857143,83
roberta__twitter_full__seed1,twitter_test,surprise,0.0,0.0,0.0,3
bert__combined_full__seed1,reddit_test,anger,0.6976744186046512,0.7028360049321825,0.7002457002457002,811
bert__combined_full__seed1,reddit_test,disgust,0.6578947368421053,0.3968253968253968,0.49504950495049505,63
bert__combined_full__seed1,reddit_test,fear,0.5918367346938775,0.6987951807228916,0.6408839779005525,83
bert__combined_full__seed1,reddit_test,joy,0.9202269692923899,0.9021596858638743,0.9111037673496365,3056
bert__combined_full__seed1,reddit_test,sadness,0.7239709443099274,0.6873563218390805,0.7051886792452831,435
bert__combined_full__seed1,reddit_test,surprise,0.70062893081761,0.7856135401974612,0.7406914893617021,709
bert__combined_full__seed1,combined_test_reconstructed,anger,0.6941860465116279,0.7023529411764706,0.6982456140350877,850
bert__combined_full__seed1,combined_test_reconstructed,disgust,0.5869565217391305,0.32926829268292684,0.421875,82
bert__combined_full__seed1,combined_test_reconstructed,fear,0.6666666666666666,0.7310344827586207,0.6973684210526315,145
bert__combined_full__seed1,combined_test_reconstructed,joy,0.9301061351281388,0.9137843336724313,0.9218729955099423,3932
bert__combined_full__seed1,combined_test_reconstructed,sadness,0.7265469061876247,0.7027027027027027,0.7144259077526988,518
bert__combined_full__seed1,combined_test_reconstructed,surprise,0.6888888888888889,0.7837078651685393,0.7332457293035479,712
roberta__combined_full__seed1,reddit_test,anger,0.7267002518891688,0.7114673242909988,0.7190031152647975,811
roberta__combined_full__seed1,reddit_test,disgust,0.5178571428571429,0.4603174603174603,0.48739495798319327,63
roberta__combined_full__seed1,reddit_test,fear,0.6352941176470588,0.6506024096385542,0.6428571428571429,83
roberta__combined_full__seed1,reddit_test,joy,0.9013240857503153,0.9355366492146597,0.918111753371869,3056
roberta__combined_full__seed1,reddit_test,sadness,0.6923076923076923,0.7241379310344828,0.7078651685393258,435
roberta__combined_full__seed1,reddit_test,surprise,0.8319327731092437,0.6981664315937941,0.75920245398773,709
roberta__combined_full__seed1,combined_test_reconstructed,anger,0.7129300118623962,0.7070588235294117,0.7099822799763733,850
roberta__combined_full__seed1,combined_test_reconstructed,disgust,0.5084745762711864,0.36585365853658536,0.425531914893617,82
roberta__combined_full__seed1,combined_test_reconstructed,fear,0.7338129496402878,0.7034482758620689,0.7183098591549296,145
roberta__combined_full__seed1,combined_test_reconstructed,joy,0.9146732429099876,0.9432858596134283,0.9287592337548516,3932
roberta__combined_full__seed1,combined_test_reconstructed,sadness,0.7044609665427509,0.7316602316602316,0.7178030303030303,518
roberta__combined_full__seed1,combined_test_reconstructed,surprise,0.8198347107438017,0.6966292134831461,0.7532270311313591,712
