split,model_seed,n,accuracy_overlap,accuracy_clean,delta_accuracy,perm_p_descriptive,ci_low,ci_high
42,1,391,0.8491048593350383,0.8593350383631714,-0.010230179028132993,0.39116088391160886,-0.02813299232736577,0.007672634271099654
42,2,391,0.8337595907928389,0.8439897698209718,-0.010230179028132993,0.5583441655834417,-0.035805626598465534,0.01534526854219953
42,3,391,0.8567774936061381,0.8363171355498721,0.020460358056265986,0.1693830616938306,-0.002557544757033292,0.04603580562659848
123,1,340,0.8176470588235294,0.8352941176470589,-0.01764705882352941,0.2656734326567343,-0.044117647058823484,0.008823529411764675
123,2,340,0.8323529411764706,0.8264705882352941,0.0058823529411764705,0.8369163083691631,-0.020588235294117685,0.032352941176470584
123,3,340,0.8205882352941176,0.8470588235294118,-0.026470588235294117,0.0750924907509249,-0.05294117647058827,0.0
2024,1,410,0.8170731707317073,0.802439024390244,0.014634146341463415,0.36806319368063195,-0.009756097560975618,0.04146341463414627
2024,2,410,0.8121951219512196,0.8073170731707318,0.004878048780487805,0.8464153584641536,-0.019512195121951237,0.029268292682926855
2024,3,410,0.8073170731707318,0.802439024390244,0.004878048780487805,0.8354164583541646,-0.017073170731707332,0.02682926829268295
