split,configuration,n,member_run_ids,member_accuracies,best_member_accuracy,ensemble_accuracy,ensemble_gain_over_best_member,pairwise_error_correlations,mean_pairwise_error_correlation,bootstrap_95pct_CI_gain,training_overlap_O,diversity_source
42,bert_initialization_jury,5157,"['bert__r_clean__split42__seed1', 'bert__r_clean__split42__seed2', 'bert__r_clean__split42__seed3']","[0.8326546441729687, 0.8340120224936979, 0.829745976342835]",0.8340120224936979,0.8351754896257514,0.0011634671320535084,"{'m1_m2': 0.8527157303519817, 'm1_m3': 0.8362738006273741, 'm2_m3': 0.8267889503700171}",0.8385928271164577,"[-0.0031025790188093927, 0.004072134962187279]",1.0,initialization
42,complementary_partition_jury,5157,"['bert__complementary_J1__split42__seed1', 'bert__complementary_J2__split42__seed1', 'bert__complementary_J3__split42__seed1']","[0.824122551871243, 0.8285825092107815, 0.8239286406825674]",0.8285825092107815,0.8316850882295909,0.0031025790188093927,"{'m1_m2': 0.7791554056878456, 'm1_m3': 0.7853715360237065, 'm2_m3': 0.7745336490146266}",0.779686863575393,"[-0.0019391118867558843, 0.007174713980996783]",0.5,data_partition
42,disjoint_partition_jury,5157,"['bert__disjoint_A__split42__seed1', 'bert__disjoint_B__split42__seed1', 'bert__disjoint_C__split42__seed1']","[0.8144269924374636, 0.8165600155128951, 0.820826061663758]",0.820826061663758,0.8276129532674036,0.0067868916036455396,"{'m1_m2': 0.7326035544601777, 'm1_m3': 0.7355504424968592, 'm2_m3': 0.7401161001868616}",0.7360900323812994,"[0.0009695559433778866, 0.011634671320535195]",0.0,data_partition
42,roberta_initialization_jury,5157,"['roberta__r_clean__split42__seed1', 'roberta__r_clean__split42__seed2', 'roberta__r_clean__split42__seed3']","[0.8404110917199923, 0.8394415357766143, 0.8386658910219119]",0.8404110917199923,0.844289315493504,0.0038782237735116576,"{'m1_m2': 0.8146759878558886, 'm1_m3': 0.7632306595682955, 'm2_m3': 0.8047175619391054}",0.794208069787763,"[-0.001357378320729019, 0.006399069226294296]",1.0,initialization_robustness_reference
123,bert_initialization_jury,5171,"['bert__r_clean__split123__seed1', 'bert__r_clean__split123__seed2', 'bert__r_clean__split123__seed3']","[0.8294333784567782, 0.8329143299168439, 0.8305936956101334]",0.8329143299168439,0.8367820537613614,0.003867723844517501,"{'m1_m2': 0.8126392793356121, 'm1_m3': 0.8423829729553205, 'm2_m3': 0.799649659155367}",0.8182239704820998,"[-0.0013537033455811587, 0.007348675304583163]",1.0,initialization
123,complementary_partition_jury,5171,"['bert__complementary_J1__split123__seed1', 'bert__complementary_J2__split123__seed1', 'bert__complementary_J3__split123__seed1']","[0.822084703152195, 0.8319473989557146, 0.8251788822278089]",0.8319473989557146,0.8352349642235545,0.003287565267839909,"{'m1_m2': 0.772722996639411, 'm1_m3': 0.7497644779410049, 'm2_m3': 0.7790063817224545}",0.7671646187676234,"[-0.0021272481144846145, 0.008508992457938458]",0.5,data_partition
123,disjoint_partition_jury,5171,"['bert__disjoint_A__split123__seed1', 'bert__disjoint_B__split123__seed1', 'bert__disjoint_C__split123__seed1']","[0.8205376136143879, 0.8205376136143879, 0.8149294140398375]",0.8205376136143879,0.8274995165345195,0.006961902920131546,"{'m1_m2': 0.7636116687119567, 'm1_m3': 0.7386985878782727, 'm2_m3': 0.7490798650437132}",0.7504633738779809,"[0.0009669309611293198, 0.009862695803519617]",0.0,data_partition
123,roberta_initialization_jury,5171,"['roberta__r_clean__split123__seed1', 'roberta__r_clean__split123__seed2', 'roberta__r_clean__split123__seed3']","[0.8392960742602978, 0.832720943724618, 0.8369754399535874]",0.8392960742602978,0.8400696190292013,0.0007735447689034558,"{'m1_m2': 0.7900693656952369, 'm1_m3': 0.8004644971147395, 'm2_m3': 0.7630587713530304}",0.7845308780543356,"[-0.004061110036743365, 0.004447882421195204]",1.0,initialization_robustness_reference
2024,bert_initialization_jury,5156,"['bert__r_clean__split2024__seed1', 'bert__r_clean__split2024__seed2', 'bert__r_clean__split2024__seed3']","[0.8295190069821567, 0.8262218774243599, 0.828355314197052]",0.8295190069821567,0.8345616757176105,0.005042668735453781,"{'m1_m2': 0.8061101692771461, 'm1_m3': 0.8208308162521656, 'm2_m3': 0.7998068335147047}",0.8089159396813388,"[0.00038789759503488064, 0.007757951900698279]",1.0,initialization
2024,complementary_partition_jury,5156,"['bert__complementary_J1__split2024__seed1', 'bert__complementary_J2__split2024__seed1', 'bert__complementary_J3__split2024__seed1']","[0.8266097750193949, 0.8250581846392553, 0.8299069045771916]",0.8299069045771916,0.8359193173002327,0.006012412723041094,"{'m1_m2': 0.7411118082052301, 'm1_m3': 0.7553125191488304, 'm2_m3': 0.7222795933709282}",0.7395679735749963,"[0.00018910007757950872, 0.010279286268425114]",0.5,data_partition
2024,disjoint_partition_jury,5156,"['bert__disjoint_A__split2024__seed1', 'bert__disjoint_B__split2024__seed1', 'bert__disjoint_C__split2024__seed1']","[0.8231186966640807, 0.8141970519782777, 0.8227307990690458]",0.8231186966640807,0.8310705973622964,0.00795190069821572,"{'m1_m2': 0.745616994097316, 'm1_m3': 0.7404610751822425, 'm2_m3': 0.7392682317016801}",0.7417821003270796,"[0.0015515903801396336, 0.011442979053529867]",0.0,data_partition
2024,roberta_initialization_jury,5156,"['roberta__r_clean__split2024__seed1', 'roberta__r_clean__split2024__seed2', 'roberta__r_clean__split2024__seed3']","[0.834755624515128, 0.8314584949573313, 0.8363072148952676]",0.8363072148952676,0.8366951124903026,0.00038789759503499166,"{'m1_m2': 0.8361592523796579, 'm1_m3': 0.8094785735736929, 'm2_m3': 0.8104148884532574}",0.818684238135536,"[-0.00446082234290146, 0.003491078355314259]",1.0,initialization_robustness_reference
